{"ALB":{"country":"Albania","hdi_2021":0.796,"cost_of_living":0.263751763,"rent_index":0.0944963655,"groceries_index":0.218422889,"immigration_2020":48810.0},"ARE":{"country":"United Arab Emirates","hdi_2021":0.911,"cost_of_living":0.4252468265,"rent_index":0.3530633437,"groceries_index":0.3251919051,"immigration_2020":8716332.0},"ARG":{"country":"Argentina","hdi_2021":0.842,"cost_of_living":0.2200282087,"rent_index":0.0716510903,"groceries_index":0.1793440335,"immigration_2020":2281728.0},"ARM":{"country":"Armenia","hdi_2021":0.759,"cost_of_living":0.2877291961,"rent_index":0.2440290758,"groceries_index":0.2393579902,"immigration_2020":190349.0},"AUS":{"country":"Australia","hdi_2021":0.951,"cost_of_living":0.5310296192,"rent_index":0.4049844237,"groceries_index":0.5115143057,"immigration_2020":7685860.0},"AUT":{"country":"Austria","hdi_2021":0.916,"cost_of_living":0.4654442877,"rent_index":0.2398753894,"groceries_index":0.4047452896,"immigration_2020":1738183.0},"AZE":{"country":"Azerbaijan","hdi_2021":0.745,"cost_of_living":0.2038081805,"rent_index":0.0778816199,"groceries_index":0.1772505234,"immigration_2020":252228.0},"BEL":{"country":"Belgium","hdi_2021":0.937,"cost_of_living":0.4626234133,"rent_index":0.2326064382,"groceries_index":0.3803210049,"immigration_2020":2005479.0},"BGD":{"country":"Bangladesh","hdi_2021":0.661,"cost_of_living":0.1875881523,"rent_index":0.0332294912,"groceries_index":0.17585485,"immigration_2020":2115408.0},"BGR":{"country":"Bulgaria","hdi_2021":0.795,"cost_of_living":0.2856135402,"rent_index":0.1038421599,"groceries_index":0.2491277041,"immigration_2020":184363.0},"BHR":{"country":"Bahrain","hdi_2021":0.875,"cost_of_living":0.3716502116,"rent_index":0.2637590862,"groceries_index":0.2854152128,"immigration_2020":936094.0},"BHS":{"country":"Bahamas","hdi_2021":0.812,"cost_of_living":0.6410437236,"rent_index":0.4112149533,"groceries_index":0.5170969993,"immigration_2020":63583.0},"BLR":{"country":"Belarus","hdi_2021":0.808,"cost_of_living":0.2496473907,"rent_index":0.1038421599,"groceries_index":0.2163293789,"immigration_2020":1067090.0},"BLZ":{"country":"Belize","hdi_2021":0.683,"cost_of_living":0.3385049365,"rent_index":0.1214953271,"groceries_index":0.3126308444,"immigration_2020":62043.0},"BRA":{"country":"Brazil","hdi_2021":0.754,"cost_of_living":0.2447108604,"rent_index":0.0861889927,"groceries_index":0.2044661549,"immigration_2020":1079708.0},"BRB":{"country":"Barbados","hdi_2021":0.79,"cost_of_living":0.6262341326,"rent_index":0.220145379,"groceries_index":0.5589672017,"immigration_2020":34869.0},"BWA":{"country":"Botswana","hdi_2021":0.693,"cost_of_living":0.2425952045,"rent_index":0.0778816199,"groceries_index":0.2128401954,"immigration_2020":110268.0},"CAN":{"country":"Canada","hdi_2021":0.936,"cost_of_living":0.4661495063,"rent_index":0.3468328141,"groceries_index":0.4480111654,"immigration_2020":8049323.0},"CHE":{"country":"Switzerland","hdi_2021":0.962,"cost_of_living":0.8053596615,"rent_index":0.5212876428,"groceries_index":0.7948360084,"immigration_2020":2491249.0},"CHL":{"country":"Chile","hdi_2021":0.855,"cost_of_living":0.3110014104,"rent_index":0.1391484943,"groceries_index":0.2784368458,"immigration_2020":1645015.0},"CHN":{"country":"China","hdi_2021":0.768,"cost_of_living":0.2764456982,"rent_index":0.1952232606,"groceries_index":0.2861130495,"immigration_2020":1039675.0},"CMR":{"country":"Cameroon","hdi_2021":0.576,"cost_of_living":0.2369534556,"rent_index":0.0591900312,"groceries_index":0.2358688067,"immigration_2020":579209.0},"COL":{"country":"Colombia","hdi_2021":0.752,"cost_of_living":0.1629055007,"rent_index":0.0726895119,"groceries_index":0.1465457083,"immigration_2020":1905393.0},"CRI":{"country":"Costa Rica","hdi_2021":0.809,"cost_of_living":0.3441466855,"rent_index":0.1547248183,"groceries_index":0.3258897418,"immigration_2020":520729.0},"CUB":{"country":"Cuba","hdi_2021":0.764,"cost_of_living":0.3709449929,"rent_index":0.1661474559,"groceries_index":0.3391486392,"immigration_2020":3024.0},"CYP":{"country":"Cyprus","hdi_2021":0.896,"cost_of_living":0.3942172073,"rent_index":0.2845275182,"groceries_index":0.3140265178,"immigration_2020":190366.0},"DEU":{"country":"Germany","hdi_2021":0.942,"cost_of_living":0.4435825106,"rent_index":0.2710280374,"groceries_index":0.3551988835,"immigration_2020":15762457.0},"DNK":{"country":"Denmark","hdi_2021":0.948,"cost_of_living":0.5543018336,"rent_index":0.3156801661,"groceries_index":0.4354501047,"immigration_2020":717574.0},"DOM":{"country":"Dominican Republic","hdi_2021":0.767,"cost_of_living":0.2947813822,"rent_index":0.1235721703,"groceries_index":0.2568039079,"immigration_2020":603794.0},"DZA":{"country":"Algeria","hdi_2021":0.745,"cost_of_living":0.1946403385,"rent_index":0.0446521288,"groceries_index":0.2100488486,"immigration_2020":250378.0},"ECU":{"country":"Ecuador","hdi_2021":0.74,"cost_of_living":0.2475317348,"rent_index":0.1007268951,"groceries_index":0.2226099093,"immigration_2020":784787.0},"EGY":{"country":"Egypt","hdi_2021":0.731,"cost_of_living":0.1523272214,"rent_index":0.0446521288,"groceries_index":0.1367759944,"immigration_2020":543937.0},"ESP":{"country":"Spain","hdi_2021":0.905,"cost_of_living":0.3568406206,"rent_index":0.225337487,"groceries_index":0.2861130495,"immigration_2020":6842202.0},"EST":{"country":"Estonia","hdi_2021":0.89,"cost_of_living":0.3864598025,"rent_index":0.1703011423,"groceries_index":0.2958827634,"immigration_2020":199277.0},"ETH":{"country":"Ethiopia","hdi_2021":0.498,"cost_of_living":0.2983074753,"rent_index":0.1775700935,"groceries_index":0.2393579902,"immigration_2020":1085517.0},"FIN":{"country":"Finland","hdi_2021":0.94,"cost_of_living":0.476022567,"rent_index":0.235721703,"groceries_index":0.406140963,"immigration_2020":386052.0},"FJI":{"country":"Fiji","hdi_2021":0.73,"cost_of_living":0.2715091678,"rent_index":0.1568016615,"groceries_index":0.2923935799,"immigration_2020":14087.0},"FRA":{"country":"France","hdi_2021":0.903,"cost_of_living":0.4844851904,"rent_index":0.2554517134,"groceries_index":0.4542916957,"immigration_2020":8524876.0},"GBR":{"country":"United Kingdom","hdi_2021":0.929,"cost_of_living":0.4337094499,"rent_index":0.3146417445,"groceries_index":0.3328681089,"immigration_2020":9359587.0},"GEO":{"country":"Georgia","hdi_2021":0.802,"cost_of_living":0.2743300423,"rent_index":0.2004153686,"groceries_index":0.2365666434,"immigration_2020":79368.0},"GHA":{"country":"Ghana","hdi_2021":0.632,"cost_of_living":0.1882933709,"rent_index":0.1516095535,"groceries_index":0.1849267271,"immigration_2020":476412.0},"GRC":{"country":"Greece","hdi_2021":0.887,"cost_of_living":0.3850493653,"rent_index":0.1339563863,"groceries_index":0.2958827634,"immigration_2020":1340456.0},"GTM":{"country":"Guatemala","hdi_2021":0.627,"cost_of_living":0.2834978843,"rent_index":0.1433021807,"groceries_index":0.2714584787,"immigration_2020":84311.0},"GUY":{"country":"Guyana","hdi_2021":0.714,"cost_of_living":0.3335684062,"rent_index":0.0986500519,"groceries_index":0.3398464759,"immigration_2020":31169.0},"HND":{"country":"Honduras","hdi_2021":0.621,"cost_of_living":0.2736248237,"rent_index":0.0965732087,"groceries_index":0.2309839498,"immigration_2020":39195.0},"HRV":{"country":"Croatia","hdi_2021":0.858,"cost_of_living":0.3293370945,"rent_index":0.1266874351,"groceries_index":0.275645499,"immigration_2020":528056.0},"HUN":{"country":"Hungary","hdi_2021":0.846,"cost_of_living":0.2764456982,"rent_index":0.1204569055,"groceries_index":0.2428471738,"immigration_2020":584567.0},"IDN":{"country":"Indonesia","hdi_2021":0.705,"cost_of_living":0.2200282087,"rent_index":0.0861889927,"groceries_index":0.2309839498,"immigration_2020":355505.0},"IND":{"country":"India","hdi_2021":0.633,"cost_of_living":0.1579689704,"rent_index":0.057113188,"groceries_index":0.1625959525,"immigration_2020":4878704.0},"IRL":{"country":"Ireland","hdi_2021":0.945,"cost_of_living":0.4971791255,"rent_index":0.46105919,"groceries_index":0.3893928821,